id;adresse;telephone;created;description
1;Montana;89192;2020-08-13T00:34:29;../fake-data/blob/hipster.txt
2;Accounts;58602;2020-08-12T13:13:59;../fake-data/blob/hipster.txt
3;Associate;71729;2020-08-13T04:13:34;../fake-data/blob/hipster.txt
4;leading edge withdrawal;92016;2020-08-12T12:48:43;../fake-data/blob/hipster.txt
5;syndicate array;23549;2020-08-12T12:14:17;../fake-data/blob/hipster.txt
6;heuristic;9887;2020-08-12T11:53:22;../fake-data/blob/hipster.txt
7;Czech Koruna;804;2020-08-12T17:52:21;../fake-data/blob/hipster.txt
8;engineer indexing;60164;2020-08-12T22:46:32;../fake-data/blob/hipster.txt
9;Industrial;577;2020-08-12T10:24:04;../fake-data/blob/hipster.txt
10;Minnesota;70785;2020-08-13T05:59:40;../fake-data/blob/hipster.txt
