id;name;image;image_content_type;description;url;created
1;ADP Mountain Metal;../fake-data/blob/hipster.png;image/png;user-facing harness haptic;https://sylvia.org;2020-08-12T11:58:30
2;Security;../fake-data/blob/hipster.png;image/png;Sleek;http://bill.com;2020-08-12T17:50:08
3;Sleek Macao;../fake-data/blob/hipster.png;image/png;Rustic orchid Square;https://nicolette.biz;2020-08-13T09:18:32
4;Auto Loan Account Tasty;../fake-data/blob/hipster.png;image/png;West Virginia alarm;http://grady.info;2020-08-12T13:36:08
5;Frozen Gorgeous Hat;../fake-data/blob/hipster.png;image/png;Unbranded Credit Card Account azure;https://jada.info;2020-08-13T00:08:00
6;olive challenge array;../fake-data/blob/hipster.png;image/png;Cheese;http://emmet.com;2020-08-12T22:49:18
7;payment;../fake-data/blob/hipster.png;image/png;Money Market Account;http://josefa.com;2020-08-13T01:22:35
8;bottom-line payment West Virginia;../fake-data/blob/hipster.png;image/png;Plastic Auto Loan Account Direct;https://royce.name;2020-08-13T09:42:16
9;Fantastic Steel Fish;../fake-data/blob/hipster.png;image/png;Hollow violet;https://emile.com;2020-08-12T16:16:11
10;strategize;../fake-data/blob/hipster.png;image/png;Metal Games;http://tyrique.name;2020-08-12T16:51:40
