id;prenom;nom;email;telephone;sexe
1;Cambodia Rustic Dynamic;blue;Johnathon.Langosh@gmail.com;90152;Homme
2;Checking Account navigating project;one-to-one North Dakota;Helmer6@gmail.com;91574;Homme
3;azure dynamic Cambridgeshire;Buckinghamshire Borders;Dakota.Tromp@yahoo.com;48447;Femme
4;calculating context-sensitive;strategic PNG Checking Account;Elbert.McKenzie@hotmail.com;55488;Homme
5;Garden;Angola US Dollar;Hilma_Aufderhar35@yahoo.com;74584;Femme
6;Idaho quantifying;sticky Usability Factors;Meagan6@yahoo.com;33225;Femme
7;New Hampshire haptic;Tasty;Marcelina89@yahoo.com;31406;Homme
8;collaborative Fantastic Steel Fish sticky;Paradigm rich;Virginia_Nienow7@yahoo.com;59859;Femme
9;Games deposit ADP;Home;Brannon.Fay@yahoo.com;28970;Femme
10;Investment Account Switzerland framework;orchid Cambridgeshire;Horace2@gmail.com;84063;Homme
